run_id,treat_none,treat_all,random,score,causal
0,45849,59868,47262,50216,50216
1,45574,59689,46932,49917,49917
2,45791,59891,47141,50232,50232
3,45726,59903,47157,50099,50099
4,45464,59913,46861,49779,49779
5,45609,59760,46962,49957,49957
6,45683,59826,47096,50050,50050
7,45767,59926,47169,50130,50130
8,45705,59941,46993,50091,50091
9,45649,59824,47070,50029,50029
10,45834,59971,47214,50241,50241
11,45733,59796,47032,50120,50120
12,45639,59773,47029,49946,49946
13,45714,59952,47109,50131,50131
14,45593,59933,47020,50002,50002
15,45743,59728,47156,50021,50021
16,45596,59667,46967,49949,49949
17,45770,60026,47111,50128,50128
18,45639,59726,47018,50039,50039
19,45770,59947,47190,50182,50182
20,45699,59767,47132,50057,50057
21,45491,59922,46948,49993,49993
22,45916,60151,47358,50231,50231
23,45812,59921,47219,50177,50177
24,45816,60026,47306,50220,50220
25,45886,60025,47286,50252,50252
26,45778,59837,47189,50152,50152
27,45510,59529,46869,49911,49911
28,45677,60165,47140,50098,50098
29,45689,59910,47160,50090,50090
30,45501,59726,46942,49855,49855
31,45862,60220,47329,50337,50337
32,45805,59823,47236,50128,50128
33,45959,60182,47288,50291,50291
34,45722,59876,47188,50159,50159
35,45966,60165,47448,50295,50295
36,45688,59863,47092,50150,50150
37,45974,60158,47349,50378,50378
38,45752,59990,47151,50148,50148
39,45655,59999,47019,50014,50014
40,45729,59774,47096,50165,50165
41,46102,60236,47509,50519,50519
42,45706,59924,47169,50057,50057
43,45674,59819,47126,50123,50123
44,45807,59960,47236,50237,50237
45,45870,59988,47243,50250,50250
46,45693,60119,47082,50122,50122
47,45683,59788,47114,50086,50086
48,45734,59966,47176,50127,50127
49,45725,59888,47149,50107,50107
50,45660,59852,47031,50059,50059
51,45568,59685,46924,49930,49930
52,45395,59606,46824,49792,49792
53,45688,59791,47128,50011,50011
54,45898,59871,47283,50280,50280
55,45816,59994,47188,50160,50160
56,45653,59941,47115,50090,50090
57,45716,59967,47217,50166,50166
58,45748,59874,47118,50145,50145
59,45572,59802,47012,49981,49981
60,45542,59679,46966,49948,49948
61,45474,59850,46892,49907,49907
62,45543,59767,46917,49960,49960
63,45595,59839,47003,49918,49918
64,45824,59968,47174,50222,50222
65,45614,59723,47038,49950,49950
66,45809,59826,47193,50193,50193
67,45543,59880,47018,49976,49976
68,45752,60017,47215,50158,50158
69,45684,59859,47126,50091,50091
70,45462,59746,46844,49963,49963
71,45806,59862,47279,50200,50200
72,45845,60081,47303,50266,50266
73,45712,59959,47133,50207,50207
74,45646,59946,47029,50018,50018
75,45755,59949,47091,50185,50185
76,45672,59620,47049,49959,49959
77,45844,59761,47206,50250,50250
78,45611,59748,47031,49988,49988
79,45706,59764,47109,50130,50130
80,45638,59820,47075,49983,49983
81,45742,59911,47181,50167,50167
82,45852,59902,47275,50205,50205
83,45750,59820,47078,50109,50109
84,45744,59718,47144,50124,50124
85,45606,59909,47058,50041,50041
86,45962,59979,47412,50393,50393
87,45716,60035,47124,50094,50094
88,45609,59929,47078,49985,49985
89,45715,60075,47094,50070,50070
90,45791,60036,47250,50141,50141
91,45614,59757,47016,49959,49959
92,45992,59968,47384,50336,50336
93,45739,59829,47142,50088,50088
94,45829,59741,47294,50207,50207
95,45664,59840,46987,50080,50080
96,45676,59897,47056,50059,50059
97,45494,59798,46931,49979,49979
98,45696,59861,47069,50048,50048
99,45638,59659,47043,49974,49974
100,45813,60054,47231,50228,50228
101,45630,59903,47103,50004,50004
102,45605,60017,47038,50026,50026
103,45524,59565,46918,49919,49919
104,45888,60029,47323,50305,50305
105,45437,59683,46813,49955,49955
106,45795,60067,47210,50202,50202
107,45907,60165,47322,50335,50335
108,45561,59901,46965,49991,49991
109,45552,59605,46971,49917,49917
110,45462,59781,46859,49891,49891
111,45666,59726,47026,50047,50047
112,45482,59632,46860,49862,49862
113,45814,59963,47149,50166,50166
114,45618,60000,47092,49994,49994
115,45767,60040,47214,50156,50156
116,45724,59940,47197,50075,50075
117,45745,60085,47172,50192,50192
118,45745,59853,47175,50182,50182
119,45656,59763,47060,49985,49985
120,45657,59956,47089,50003,50003
121,45933,60251,47386,50294,50294
122,46045,59992,47409,50421,50421
123,45786,59919,47218,50114,50114
124,45451,59615,46853,49799,49799
125,45754,59877,47159,50137,50137
126,45696,59855,47102,50088,50088
127,45616,59669,47029,49917,49917
128,45681,59907,47103,50068,50068
129,45800,59952,47241,50220,50220
130,45821,59870,47216,50170,50170
131,45537,59725,46958,49860,49860
132,45533,59798,46938,49913,49913
133,45633,59834,47047,50023,50023
134,45645,59773,47055,50036,50036
135,45651,59722,47070,50053,50053
136,45788,59953,47169,50175,50175
137,45638,59744,47029,50006,50006
138,45554,59692,46986,49973,49973
139,45905,60075,47346,50336,50336
140,45725,59900,47200,50088,50088
141,45821,60004,47225,50263,50263
142,45535,59755,46932,49885,49885
143,45495,59755,46925,49857,49857
144,45829,59996,47231,50188,50188
145,45759,59832,47197,50133,50133
146,45664,60114,47182,50111,50111
147,45550,59754,47028,50004,50004
148,45763,59882,47181,50068,50068
149,45392,59709,46850,49773,49773
150,45721,60022,47178,50143,50143
151,45662,59931,47122,50030,50030
152,45771,59796,47199,50076,50076
153,45913,60029,47283,50191,50191
154,45517,59596,46942,49947,49947
155,45579,59955,47089,49966,49966
156,45477,59798,46834,49798,49798
157,45286,59469,46702,49707,49707
158,45663,59784,47029,50038,50038
159,45986,60186,47401,50328,50328
160,45725,59826,47185,50089,50089
161,45594,59839,47021,49960,49960
162,45662,59773,47123,50101,50101
163,45428,59585,46819,49829,49829
164,45751,59910,47191,50083,50083
165,45537,59871,46993,49865,49865
166,45559,59759,46906,49904,49904
167,45714,60016,47168,50127,50127
168,45688,59670,47164,50005,50005
169,45743,59944,47226,50173,50173
170,45605,59569,46998,49979,49979
171,45546,59501,46953,50014,50014
172,45980,60166,47334,50439,50439
173,45878,59885,47275,50258,50258
174,45618,59816,47031,50040,50040
175,45608,59763,47029,50042,50042
176,45670,59710,47086,50008,50008
177,45848,60031,47294,50273,50273
178,45623,59998,47008,50035,50035
179,45430,59875,46841,49836,49836
180,45547,59885,46935,49976,49976
181,45866,60191,47300,50276,50276
182,45699,59798,47115,50106,50106
183,45658,59677,47029,49956,49956
184,45746,59833,47163,50147,50147
185,45885,59989,47285,50246,50246
186,45880,59905,47239,50258,50258
187,45536,59777,46897,49945,49945
188,45580,59663,47012,50009,50009
189,45694,59817,47161,50031,50031
190,45796,60041,47194,50206,50206
191,45605,59818,47071,50035,50035
192,45648,59828,47059,50095,50095
193,46165,60160,47524,50520,50520
194,45665,59785,47087,50111,50111
195,45842,60024,47208,50222,50222
196,45773,60012,47164,50259,50259
197,45371,59506,46835,49750,49750
198,45715,59795,47137,50077,50077
199,45534,59866,46942,49930,49930
200,45553,59832,47019,49996,49996
201,45614,60018,47089,50094,50094
202,45899,59900,47284,50257,50257
203,45755,60022,47255,50132,50132
204,45468,59656,46848,49826,49826
205,45691,59961,47054,50121,50121
206,45873,60032,47205,50244,50244
207,45925,60021,47348,50262,50262
208,45840,59933,47237,50201,50201
209,45661,59866,47072,50011,50011
210,45513,59777,46948,49985,49985
211,45795,59714,47123,50137,50137
212,45612,59775,47028,49982,49982
213,45403,59658,46816,49800,49800
214,45734,59859,47119,50091,50091
215,45560,60025,46966,50025,50025
216,45682,59864,47120,50034,50034
217,45811,59928,47245,50229,50229
218,45826,60031,47250,50247,50247
219,45664,59831,47031,50049,50049
220,45634,59774,47011,50033,50033
221,45585,59636,47067,49971,49971
222,45473,59603,46873,49845,49845
223,45781,60031,47128,50170,50170
224,45794,59789,47212,50180,50180
225,45794,59718,47156,50200,50200
226,45469,59617,46833,49904,49904
227,45775,59931,47209,50090,50090
228,45634,59804,47152,50003,50003
229,45759,59868,47186,50148,50148
230,45994,60276,47428,50413,50413
231,45924,60180,47375,50320,50320
232,45751,59671,47156,50081,50081
233,45659,59723,47050,50003,50003
234,45600,59661,46935,50006,50006
235,45722,59981,47175,50167,50167
236,45437,59867,46864,49906,49906
237,45852,59904,47296,50305,50305
238,45448,59847,46922,49942,49942
239,45999,60210,47395,50430,50430
240,45624,59613,47051,49929,49929
241,45909,60057,47331,50335,50335
242,45672,59962,47134,49988,49988
243,45555,59738,46941,49978,49978
244,45841,59776,47201,50201,50201
245,45913,59956,47365,50309,50309
246,45875,59924,47237,50246,50246
247,45822,59766,47232,50146,50146
248,45788,59852,47316,50124,50124
249,45609,59607,46965,49939,49939
250,45626,60018,47061,50051,50051
251,45580,59784,46962,49963,49963
252,45735,60118,47156,50186,50186
253,45621,59846,47092,50031,50031
254,45677,59864,47114,50071,50071
255,45495,59887,46905,49833,49833
256,45753,59914,47127,50204,50204
257,45678,59809,47124,50037,50037
258,45646,59929,47040,50031,50031
259,45986,60112,47424,50377,50377
260,45872,60146,47298,50323,50323
261,45569,59711,46914,49962,49962
262,45669,60035,47041,50112,50112
263,45710,60169,47126,50190,50190
264,45426,59536,46864,49764,49764
265,45813,60015,47239,50209,50209
266,45737,59940,47209,50117,50117
267,45781,59927,47206,50126,50126
268,45680,59778,47161,50052,50052
269,45748,59760,47110,50164,50164
270,45655,59781,47131,50020,50020
271,45760,59916,47129,50150,50150
272,45506,59740,46977,49899,49899
273,45601,59817,46960,50048,50048
274,45724,59906,47214,50075,50075
275,45593,59667,46975,49884,49884
276,45540,59834,46970,49939,49939
277,45647,59695,47058,50036,50036
278,45472,59651,46872,49920,49920
279,45958,60141,47393,50277,50277
280,45845,59998,47254,50258,50258
281,45547,59670,46898,49922,49922
282,45678,60023,47122,50143,50143
283,45720,59775,47182,50176,50176
284,45725,59927,47070,50052,50052
285,45788,59866,47234,50213,50213
286,45913,59830,47362,50327,50327
287,45809,60028,47256,50254,50254
288,45538,59629,46906,50002,50002
289,45672,59696,47155,50020,50020
290,45809,59920,47250,50131,50131
291,45627,59889,47071,50018,50018
292,46125,60237,47574,50496,50496
293,45720,59854,47146,50064,50064
294,45751,59867,47183,50196,50196
295,45786,59942,47254,50162,50162
296,45737,60139,47214,50176,50176
297,45693,59730,47109,50114,50114
298,45965,60054,47363,50421,50421
299,45632,59797,47061,50003,50003
300,45735,59963,47187,50158,50158
301,45782,59990,47206,50226,50226
302,45720,60010,47167,50137,50137
303,45483,59669,46904,49944,49944
304,45454,59691,46943,49877,49877
305,45857,59965,47216,50349,50349
306,45997,60375,47410,50478,50478
307,45861,59808,47247,50161,50161
308,45705,59914,46986,50055,50055
309,45845,59868,47256,50211,50211
310,45797,59864,47218,50194,50194
311,45603,59692,46981,49991,49991
312,45528,59875,46898,49972,49972
313,45789,60058,47213,50328,50328
314,45712,59875,47164,50109,50109
315,45812,59966,47263,50204,50204
316,45886,59857,47268,50217,50217
317,45551,59820,46946,49932,49932
318,45751,59870,47177,50076,50076
319,45853,59732,47163,50199,50199
320,45700,60005,47187,50129,50129
321,45699,59900,47157,50078,50078
322,45868,59951,47287,50215,50215
323,45524,59702,46911,49897,49897
324,45781,59948,47179,50137,50137
325,45778,59996,47187,50122,50122
326,45990,60138,47444,50334,50334
327,45723,59919,47112,50162,50162
328,45612,59795,47009,50077,50077
329,45734,60075,47240,50153,50153
330,45462,59801,46911,49885,49885
331,45576,59831,47059,49993,49993
332,45644,59744,47116,50022,50022
333,45817,59933,47191,50191,50191
334,45576,59690,46988,50010,50010
335,45880,59805,47278,50178,50178
336,45606,59775,47036,50023,50023
337,45737,59850,47104,50177,50177
338,45563,59760,46921,50067,50067
339,45509,59780,46944,49851,49851
340,45437,59562,46889,49825,49825
341,45642,59968,47072,50114,50114
342,45816,60072,47252,50277,50277
343,45531,59880,46952,49993,49993
344,45675,59740,47088,50041,50041
345,45508,59496,46892,49891,49891
346,45665,59779,47073,50029,50029
347,45680,59791,47045,50055,50055
348,45692,59849,47141,50063,50063
349,45719,59788,47076,50097,50097
350,45597,59704,47005,50014,50014
351,45636,59763,47118,50039,50039
352,45611,59786,47016,49899,49899
353,45770,60033,47102,50200,50200
354,45633,59723,46968,49946,49946
355,45755,59837,47165,50092,50092
356,45750,59737,47108,50129,50129
357,45432,59556,46799,49851,49851
358,45623,59732,47051,50024,50024
359,45703,59749,47136,50050,50050
360,45695,59732,47116,50058,50058
361,45457,59622,46878,49781,49781
362,45893,60006,47268,50322,50322
363,45682,59889,47075,50119,50119
364,45755,60155,47212,50244,50244
365,45698,59893,47116,50048,50048
366,45821,59790,47236,50172,50172
367,45664,59778,47111,50047,50047
368,45700,59879,47104,50103,50103
369,45536,59782,46957,50054,50054
370,45714,59873,47099,50154,50154
371,45598,59800,46955,49957,49957
372,45666,59815,47025,50006,50006
373,45573,59735,46965,49937,49937
374,45578,59766,46970,49947,49947
375,45530,59788,46951,49993,49993
376,45666,59836,47126,50048,50048
377,45630,59807,47047,49996,49996
378,45935,59912,47299,50279,50279
379,45668,59739,47047,49939,49939
380,45615,59810,46958,49992,49992
381,45576,59769,47015,49991,49991
382,45643,59827,47093,50054,50054
383,45840,59910,47270,50183,50183
384,45903,60010,47367,50342,50342
385,45443,59633,46859,49867,49867
386,45796,60036,47297,50201,50201
387,45706,59596,47091,50041,50041
388,45733,59949,47135,50127,50127
389,45908,59862,47358,50231,50231
390,45722,59954,47148,50130,50130
391,45683,59919,47094,50111,50111
392,45584,59688,47036,49946,49946
393,45690,59753,47017,50066,50066
394,45598,59914,47044,49986,49986
395,45577,59791,47039,49961,49961
396,45808,59848,47213,50192,50192
397,45513,59660,46845,49899,49899
398,45925,60024,47323,50273,50273
399,45509,59772,46865,49994,49994
400,45479,59791,46938,49909,49909
401,45624,59974,47018,50001,50001
402,45547,59799,46956,49922,49922
403,45780,60000,47210,50205,50205
404,45858,59964,47371,50232,50232
405,45507,59638,46868,49846,49846
406,45498,59647,46925,49963,49963
407,45645,59746,47077,50003,50003
408,45552,59683,46995,50014,50014
409,45441,59678,46825,49851,49851
410,45842,60066,47304,50213,50213
411,45798,60161,47220,50319,50319
412,45831,59943,47224,50154,50154
413,45505,59817,46981,49963,49963
414,45504,59613,46881,49835,49835
415,45587,59682,46985,50017,50017
416,45438,59673,46888,49825,49825
417,45652,59986,47118,50084,50084
418,45422,59578,46887,49807,49807
419,45697,59791,47124,50072,50072
420,45487,59540,46903,49910,49910
421,45743,59916,47156,50240,50240
422,45612,59766,47023,49969,49969
423,45652,59968,47072,50076,50076
424,45935,60097,47345,50317,50317
425,45374,59626,46729,49740,49740
426,45645,59920,46972,50041,50041
427,45611,59745,47002,49989,49989
428,45731,59872,47157,50167,50167
429,45673,60044,47059,50135,50135
430,45718,59677,47051,50078,50078
431,45713,59773,47013,50060,50060
432,45728,59829,47141,50146,50146
433,45974,59912,47378,50374,50374
434,45725,59948,47098,50071,50071
435,45795,60039,47197,50184,50184
436,45833,59985,47208,50346,50346
437,45790,59985,47177,50172,50172
438,45625,59896,47018,50059,50059
439,45572,59756,47071,50007,50007
440,45529,59779,46954,49854,49854
441,45540,59632,46905,49914,49914
442,45673,59833,47099,50034,50034
443,45803,59781,47119,50243,50243
444,45441,59808,46885,49842,49842
445,45930,60149,47376,50409,50409
446,45576,59736,47035,49956,49956
447,45701,59864,47177,50090,50090
448,45834,59986,47279,50173,50173
449,45894,59995,47335,50281,50281
450,45519,59637,47007,49865,49865
451,45808,59904,47197,50188,50188
452,45818,60171,47284,50266,50266
453,45799,60149,47253,50190,50190
454,45422,59829,46874,49853,49853
455,45596,59888,46946,50019,50019
456,45590,59722,47000,49985,49985
457,45783,59865,47181,50094,50094
458,45944,60146,47437,50348,50348
459,45562,59846,46979,49972,49972
460,45539,59858,46972,49971,49971
461,45821,60158,47343,50245,50245
462,45556,59790,47011,50000,50000
463,45707,59921,47131,50089,50089
464,45434,59722,46834,49808,49808
465,45639,59949,47027,50040,50040
466,45936,60029,47317,50305,50305
467,45787,59765,47143,50127,50127
468,45953,60053,47366,50301,50301
469,45783,60063,47182,50170,50170
470,45786,59767,47229,50171,50171
471,45809,60006,47195,50210,50210
472,45856,59960,47294,50230,50230
473,45785,60142,47155,50176,50176
474,45718,59726,47112,50120,50120
475,45676,59828,47106,50040,50040
476,45640,59943,47061,50076,50076
477,45699,59926,47146,50058,50058
478,45772,59769,47195,50166,50166
479,45820,59757,47194,50178,50178
480,45736,59794,47113,50083,50083
481,45436,59680,46819,49801,49801
482,45630,60031,47049,50153,50153
483,45594,59753,47031,50057,50057
484,45919,60125,47305,50307,50307
485,45824,59795,47236,50125,50125
486,45689,59997,47165,50118,50118
487,45442,59535,46887,49832,49832
488,45589,59983,46997,49957,49957
489,45872,60161,47323,50283,50283
490,45490,59613,46923,49906,49906
491,45555,59794,46976,49997,49997
492,45958,60231,47417,50354,50354
493,45613,59996,47028,49964,49964
494,45867,60052,47365,50327,50327
495,45476,59788,46990,49946,49946
496,45516,59792,46910,49904,49904
497,45897,59890,47338,50253,50253
498,45971,60092,47372,50312,50312
499,45784,59956,47242,50119,50119
500,45784,59967,47239,50098,50098
501,45764,59992,47115,50180,50180
502,45843,59971,47268,50204,50204
503,45788,60079,47211,50229,50229
504,45775,59877,47190,50154,50154
505,45645,59861,47075,50044,50044
506,45383,59663,46821,49767,49767
507,45807,59871,47141,50235,50235
508,45585,59747,46990,49890,49890
509,45902,59888,47286,50291,50291
510,45695,60073,47077,50048,50048
511,45490,59866,46924,49885,49885
512,45610,59879,47063,49918,49918
513,45637,59877,47051,49982,49982
514,45442,59801,46848,49842,49842
515,45874,60110,47250,50240,50240
516,45794,60182,47151,50245,50245
517,45728,59857,47188,50104,50104
518,45609,59759,47000,50016,50016
519,45588,59911,47024,50000,50000
520,45727,59626,47123,50034,50034
521,45603,59771,47061,50013,50013
522,45904,60015,47326,50296,50296
523,45568,59776,46986,49958,49958
524,45733,59993,47124,50157,50157
525,45873,60156,47286,50310,50310
526,45623,59775,47079,50005,50005
527,45754,60027,47176,50185,50185
528,45823,59931,47202,50232,50232
529,45792,60092,47140,50228,50228
530,45625,59945,47053,50005,50005
531,45541,59688,46944,49971,49971
532,45691,59720,47059,50144,50144
533,45296,59425,46789,49575,49575
534,45722,59849,47199,50115,50115
535,45896,60059,47373,50364,50364
536,45635,59826,47013,50037,50037
537,45613,59877,47084,49985,49985
538,45780,60052,47234,50154,50154
539,45708,60009,47071,50120,50120
540,45928,60477,47372,50422,50422
541,45820,60009,47210,50201,50201
542,45760,59837,47133,50119,50119
543,45634,59799,47079,50035,50035
544,45601,59625,47010,49890,49890
545,45802,60046,47231,50271,50271
546,45728,59996,47169,50085,50085
547,45721,59833,47192,50071,50071
548,45691,59959,47114,50033,50033
549,45649,59834,47097,50138,50138
550,45899,60033,47279,50321,50321
551,45508,59606,46916,49883,49883
552,45599,59642,47017,49976,49976
553,45734,59876,47205,50213,50213
554,45811,60086,47250,50189,50189
555,45756,59874,47221,50101,50101
556,45925,59982,47387,50265,50265
557,45703,59860,47109,50142,50142
558,45696,59725,47079,50012,50012
559,45815,60020,47196,50189,50189
560,45666,59743,46972,49997,49997
561,45734,60043,47195,50132,50132
562,45754,59912,47200,50130,50130
563,45613,59882,47122,50019,50019
564,45598,59739,47033,49996,49996
565,45473,59756,46902,49976,49976
566,45466,59713,46874,49826,49826
567,45602,59589,46947,49959,49959
568,45699,59880,47167,50001,50001
569,45714,59762,47093,50155,50155
570,45575,59670,46972,49921,49921
571,45731,59733,47075,50028,50028
572,45530,59825,46968,50034,50034
573,45721,59827,47100,50142,50142
574,45495,59820,46896,49942,49942
575,45738,59913,47126,50156,50156
576,45640,59750,47074,50034,50034
577,45911,60062,47404,50282,50282
578,45685,59974,47061,50108,50108
579,45683,59791,47001,50077,50077
580,45580,60014,47011,50142,50142
581,45921,60100,47362,50294,50294
582,45658,60034,47108,50072,50072
583,45787,59892,47196,50214,50214
584,45756,59996,47235,50125,50125
585,45707,59872,47081,50060,50060
586,45701,59953,47129,50096,50096
587,45672,59631,47009,50013,50013
588,45585,59852,47034,50023,50023
589,45622,59779,47036,50027,50027
590,45701,59816,47152,50095,50095
591,45809,59976,47266,50212,50212
592,45396,59714,46811,49838,49838
593,45684,59819,47079,50084,50084
594,45894,60122,47182,50368,50368
595,45716,60016,47193,50266,50266
596,45721,59656,47146,50072,50072
597,45971,60011,47365,50321,50321
598,45754,59821,47129,50194,50194
599,45597,59980,47009,50035,50035
600,45505,59690,46894,49901,49901
601,45633,59882,47067,50089,50089
602,45569,59834,46952,49953,49953
603,45728,59802,47080,50025,50025
604,45482,59732,46868,49924,49924
605,46096,60212,47510,50436,50436
606,45659,59894,47035,50105,50105
607,45495,59792,46919,49945,49945
608,45902,59976,47301,50271,50271
609,45905,60164,47373,50248,50248
610,45815,59661,47116,50203,50203
611,45676,59867,47146,50164,50164
612,45700,59868,47158,50111,50111
613,45750,59987,47205,50114,50114
614,45818,59760,47231,50248,50248
615,45857,60133,47336,50304,50304
616,45639,59734,47000,50024,50024
617,45632,59829,47022,50043,50043
618,45810,59953,47239,50218,50218
619,45488,59781,46885,49896,49896
620,45718,59950,47151,50147,50147
621,45698,59684,47109,50097,50097
622,45645,59800,47112,50057,50057
623,45468,59731,46875,49896,49896
624,45821,59682,47279,50154,50154
625,45842,59838,47169,50166,50166
626,45744,60056,47181,50220,50220
627,45546,59718,46944,49961,49961
628,45784,59934,47191,50110,50110
629,45782,59994,47188,50121,50121
630,45729,59810,47074,50075,50075
631,45504,59780,46961,49922,49922
632,45636,59841,47070,50015,50015
633,45623,59703,46984,50006,50006
634,45672,60069,47071,50050,50050
635,45636,59705,47052,50002,50002
636,45535,59745,46921,49977,49977
637,45237,59595,46642,49681,49681
638,45542,59840,46987,49897,49897
639,45749,59800,47136,50211,50211
640,45614,59799,47031,49977,49977
641,45658,59822,47100,50025,50025
642,45290,59517,46750,49750,49750
643,45720,59867,47130,50127,50127
644,46029,60063,47429,50327,50327
645,45650,59717,47039,50018,50018
646,45691,59869,47107,50026,50026
647,45882,59946,47354,50295,50295
648,45887,59927,47253,50200,50200
649,45709,59733,47098,50114,50114
650,45789,60066,47187,50200,50200
651,45616,59755,47033,49967,49967
652,45701,60089,47133,50225,50225
653,45800,59768,47214,50189,50189
654,45528,59698,46914,49837,49837
655,45654,59817,47033,49991,49991
656,45490,59685,46865,49897,49897
657,45607,59996,47039,50077,50077
658,45624,59811,47008,50055,50055
659,45878,60099,47317,50244,50244
660,45608,60078,47082,50063,50063
661,45756,59854,47141,50049,50049
662,45579,59829,46964,49968,49968
663,45599,59783,47002,49983,49983
664,45791,59865,47145,50233,50233
665,45782,59986,47273,50190,50190
666,45624,59791,47155,49979,49979
667,45417,59644,46842,49860,49860
668,45495,59709,46870,49874,49874
669,45834,59999,47292,50191,50191
670,45832,59897,47229,50203,50203
671,45963,60168,47435,50420,50420
672,45761,59929,47174,50131,50131
673,45601,59814,47004,49939,49939
674,45930,60153,47308,50347,50347
675,45625,59746,46995,49999,49999
676,45533,59796,46928,49964,49964
677,46105,60285,47502,50524,50524
678,45705,59847,47061,50047,50047
679,45746,59982,47176,50145,50145
680,45591,59662,47097,49994,49994
681,45626,59895,47061,50011,50011
682,45887,60064,47243,50345,50345
683,45713,59955,47076,50188,50188
684,45489,59710,46857,49890,49890
685,45998,60049,47377,50352,50352
686,45682,59865,47147,50098,50098
687,45701,59719,47061,50036,50036
688,45392,59549,46803,49801,49801
689,45618,59729,47045,49953,49953
690,45700,59959,47081,50136,50136
691,45949,59900,47335,50322,50322
692,45573,59821,46999,49968,49968
693,45615,59753,47085,49973,49973
694,45681,59886,47037,50156,50156
695,45836,59899,47275,50237,50237
696,45825,59902,47248,50258,50258
697,45881,60136,47352,50340,50340
698,45466,59712,46944,49811,49811
699,45579,59741,46973,49892,49892
700,45692,59908,47054,50095,50095
701,45787,59945,47213,50081,50081
702,45665,59602,47031,50056,50056
703,45642,59930,47132,50072,50072
704,45623,59877,47029,50000,50000
705,45769,60196,47238,50206,50206
706,45702,59923,47092,50156,50156
707,45578,59813,46962,49973,49973
708,46037,59991,47438,50345,50345
709,45845,60079,47347,50228,50228
710,45716,59722,47167,50098,50098
711,45698,59512,47007,49927,49927
712,45577,59869,47011,49950,49950
713,45602,59876,47041,50075,50075
714,45680,59732,47081,49981,49981
715,45809,60031,47258,50331,50331
716,45716,59854,47145,50216,50216
717,45609,59609,47031,49947,49947
718,45594,59805,46998,50029,50029
719,45746,60076,47168,50188,50188
720,45668,59856,47074,49974,49974
721,45553,59694,46962,49941,49941
722,45722,59800,47102,50014,50014
723,45516,59875,46930,49993,49993
724,45980,60156,47433,50405,50405
725,45446,59694,46854,49869,49869
726,45679,59707,47117,49969,49969
727,45687,59853,47109,50102,50102
728,45658,59950,47068,50081,50081
729,45900,60054,47344,50315,50315
730,45610,59909,47030,50013,50013
731,45483,59586,46894,49871,49871
732,45640,59778,47096,49974,49974
733,45682,59747,47065,50043,50043
734,45648,59750,47002,50047,50047
735,45803,59861,47198,50198,50198
736,45749,59860,47148,50158,50158
737,45723,59823,47174,50062,50062
738,45691,59944,47104,50025,50025
739,45570,59757,46979,50013,50013
740,45621,59843,47023,50016,50016
741,45703,59639,47094,50026,50026
742,45749,59853,47149,50117,50117
743,45824,59931,47208,50191,50191
744,45515,59676,46900,49855,49855
745,45818,60059,47261,50253,50253
746,45549,59743,46929,49941,49941
747,45828,59829,47272,50124,50124
748,45641,60031,47094,50072,50072
749,45545,59670,46935,49863,49863
750,45748,59907,47160,50121,50121
751,45820,60106,47306,50255,50255
752,45708,60059,47224,50112,50112
753,45670,59973,47060,50026,50026
754,45821,59841,47224,50227,50227
755,45799,60125,47213,50170,50170
756,45528,59771,46926,50023,50023
757,45823,59995,47277,50221,50221
758,45717,59899,47109,50121,50121
759,45784,59902,47212,50117,50117
760,45790,59924,47184,50204,50204
761,45849,60033,47214,50133,50133
762,45728,60004,47077,50056,50056
763,45502,59697,46919,49890,49890
764,45637,59964,47030,50052,50052
765,45788,59729,47131,50192,50192
766,45559,59637,46967,49937,49937
767,45645,59741,47098,49944,49944
768,46022,60123,47389,50502,50502
769,45829,60011,47219,50208,50208
770,45715,60088,47186,50225,50225
771,45565,59739,46989,50044,50044
772,45932,59786,47359,50313,50313
773,45603,59685,47015,49964,49964
774,45609,59863,47098,50042,50042
775,45600,59791,47098,50005,50005
776,45633,59812,47131,50013,50013
777,45524,59930,47006,49994,49994
778,45617,59699,47001,50114,50114
779,45830,60006,47310,50346,50346
780,45480,59672,46914,49831,49831
781,45605,59775,47075,49983,49983
782,45753,60209,47204,50154,50154
783,45835,59919,47206,50216,50216
784,45782,59945,47171,50157,50157
785,45742,59732,47082,50114,50114
786,45817,59775,47202,50173,50173
787,45515,59701,46978,49846,49846
788,45589,59723,46987,49903,49903
789,45542,59920,46990,50031,50031
790,45744,59923,47138,50170,50170
791,45854,59993,47257,50248,50248
792,45669,59802,47088,50122,50122
793,45495,59776,46912,49967,49967
794,45718,59992,47183,50089,50089
795,45742,59955,47173,50129,50129
796,45761,59859,47176,50163,50163
797,45780,59842,47241,50184,50184
798,45678,59848,47040,50015,50015
799,45812,59925,47253,50244,50244
800,45682,59768,47038,50101,50101
801,45644,59862,47048,50093,50093
802,45761,59809,47138,50182,50182
803,45702,59972,47079,50160,50160
804,45324,59513,46767,49732,49732
805,45634,59925,47052,50087,50087
806,45763,60046,47205,50122,50122
807,45452,59541,46882,49819,49819
808,46056,60096,47530,50358,50358
809,45682,59914,47060,50110,50110
810,45591,60011,47091,49934,49934
811,45790,59849,47209,50130,50130
812,45737,59843,47128,50201,50201
813,45637,59801,47058,50057,50057
814,45452,59627,46805,49765,49765
815,45410,59566,46860,49754,49754
816,45909,60025,47362,50197,50197
817,45792,60090,47207,50232,50232
818,45490,59803,46931,49847,49847
819,45599,59833,47052,50027,50027
820,45773,59722,47236,50060,50060
821,45695,59779,47151,50151,50151
822,45911,60014,47329,50274,50274
823,45861,59851,47347,50190,50190
824,45883,59868,47279,50274,50274
825,45493,59638,46966,49967,49967
826,45672,60003,47091,50174,50174
827,45306,59407,46685,49652,49652
828,45698,59773,47158,50000,50000
829,45732,60064,47152,50168,50168
830,45591,59739,46949,49987,49987
831,45825,59951,47250,50168,50168
832,45871,60032,47259,50265,50265
833,45515,59805,46997,49941,49941
834,45857,59933,47201,50146,50146
835,45669,59838,47120,49999,49999
836,45831,59832,47323,50230,50230
837,45758,59914,47186,50204,50204
838,45615,59739,47006,49894,49894
839,45819,59870,47311,50178,50178
840,45675,59943,47142,50068,50068
841,45536,59716,46999,49979,49979
842,45623,59717,47062,50016,50016
843,45679,59774,47102,50147,50147
844,45660,59774,47163,50015,50015
845,45634,59841,46975,50054,50054
846,45621,59739,47060,50057,50057
847,45849,59968,47281,50273,50273
848,45592,59767,46995,49945,49945
849,45591,59908,47055,50004,50004
850,45607,59805,46990,49957,49957
851,46154,60293,47555,50508,50508
852,46022,60264,47394,50507,50507
853,45576,59612,46923,49933,49933
854,45632,59715,47027,50060,50060
855,45555,59713,46971,49957,49957
856,45715,59761,47158,50070,50070
857,45625,59745,47050,50018,50018
858,45722,59902,47124,50152,50152
859,45709,59823,47125,50146,50146
860,45712,59967,47179,49991,49991
861,45623,59884,47073,49996,49996
862,45754,59710,47176,50052,50052
863,45815,59804,47202,50160,50160
864,45567,59876,47013,50010,50010
865,45673,59869,47074,50062,50062
866,45965,60076,47357,50374,50374
867,45716,59750,47134,50005,50005
868,45584,59788,47055,49971,49971
869,45555,59815,46959,49979,49979
870,45978,60042,47434,50312,50312
871,45728,59711,47088,50073,50073
872,45812,59831,47165,50234,50234
873,45808,59817,47136,50245,50245
874,45935,60034,47340,50357,50357
875,45421,59629,46879,49798,49798
876,45498,59870,46885,49921,49921
877,45747,59916,47140,50120,50120
878,45691,59940,47104,50190,50190
879,45683,59983,47193,50091,50091
880,45648,59977,47059,50043,50043
881,45554,59558,46951,49939,49939
882,45638,59791,47099,50001,50001
883,46002,60081,47369,50362,50362
884,45804,60001,47213,50225,50225
885,45638,59791,47047,50042,50042
886,45814,59984,47162,50330,50330
887,45608,59744,47009,49960,49960
888,45766,59883,47192,50199,50199
889,45783,60052,47239,50151,50151
890,45944,60218,47400,50335,50335
891,45663,59889,47085,50032,50032
892,45624,59755,47070,50010,50010
893,45684,59979,47042,50092,50092
894,45730,59837,47120,50168,50168
895,45777,59723,47101,50193,50193
896,45990,60026,47380,50425,50425
897,45734,59807,47139,50198,50198
898,45561,59579,47001,49949,49949
899,45529,59867,46990,49942,49942
900,45941,60255,47414,50370,50370
901,45866,60059,47281,50340,50340
902,45787,59978,47208,50246,50246
903,45494,59784,46953,49899,49899
904,45609,59853,47001,50000,50000
905,45461,59617,46838,49840,49840
906,45502,59723,46921,49863,49863
907,45590,59907,46977,49994,49994
908,45858,59996,47272,50327,50327
909,45822,59935,47203,50131,50131
910,45714,59866,47173,50137,50137
911,45712,59875,47173,50075,50075
912,45641,59712,47002,50054,50054
913,45513,59701,47067,49939,49939
914,45831,60131,47185,50254,50254
915,45871,59912,47294,50271,50271
916,45638,59556,47078,50039,50039
917,45753,60010,47208,50055,50055
918,45448,59582,46822,49818,49818
919,45650,59828,47041,50000,50000
920,45571,59810,46979,49981,49981
921,45582,59903,47053,50014,50014
922,45874,60118,47265,50251,50251
923,45573,59611,47028,49927,49927
924,45611,59856,47026,49965,49965
925,45929,59833,47303,50292,50292
926,45568,59867,46922,50018,50018
927,45586,59840,46943,50091,50091
928,45971,60186,47300,50348,50348
929,45775,59987,47270,50239,50239
930,45818,59988,47255,50160,50160
931,45671,59976,47104,50142,50142
932,45835,59925,47217,50214,50214
933,45542,59456,46853,49812,49812
934,45824,59831,47151,50192,50192
935,45767,59921,47138,50161,50161
936,45724,59876,47090,50120,50120
937,45705,59864,47159,50129,50129
938,45938,60107,47360,50332,50332
939,45489,59741,46894,49792,49792
940,45541,59973,46928,49969,49969
941,45830,60068,47299,50270,50270
942,45530,59583,46954,49884,49884
943,45953,60052,47440,50435,50435
944,46033,60087,47466,50420,50420
945,45836,59971,47249,50222,50222
946,45778,59964,47119,50149,50149
947,45829,59738,47169,50159,50159
948,45930,60195,47319,50391,50391
949,45821,60012,47304,50233,50233
950,45882,59948,47194,50283,50283
951,45602,59511,46979,49909,49909
952,45816,60082,47247,50282,50282
953,46149,60135,47510,50566,50566
954,45524,59931,47049,49900,49900
955,45755,59764,47173,50123,50123
956,45713,59952,47099,50127,50127
957,45503,59667,46924,49853,49853
958,45809,60056,47254,50261,50261
959,45590,59847,46924,49974,49974
960,45629,59769,47081,50029,50029
961,45457,59764,46881,49962,49962
962,45716,59996,47082,50226,50226
963,45736,60026,47208,50120,50120
964,45861,60049,47252,50196,50196
965,45711,59867,47076,50193,50193
966,45570,59698,46974,50006,50006
967,45647,59759,47066,50059,50059
968,45738,59709,47063,50098,50098
969,45801,59935,47161,50168,50168
970,45753,59956,47238,50182,50182
971,45430,59661,46837,49897,49897
972,45666,59942,47096,50099,50099
973,45750,59831,47168,50161,50161
974,45482,59618,46956,49905,49905
975,45603,59730,46979,50033,50033
976,45771,59899,47113,50112,50112
977,45603,59811,47086,50095,50095
978,45617,59933,47014,49912,49912
979,45754,60107,47176,50127,50127
980,45899,59923,47371,50339,50339
981,45532,59902,46964,49954,49954
982,45583,60042,47020,49954,49954
983,45863,59991,47257,50276,50276
984,45510,59771,47001,49894,49894
985,45692,59875,47143,50044,50044
986,45932,60136,47355,50293,50293
987,45508,59856,46976,49856,49856
988,45781,59965,47205,50186,50186
989,45570,59655,47048,49944,49944
990,45458,59638,46856,49890,49890
991,45790,60102,47257,50239,50239
992,45707,59935,47179,50169,50169
993,45680,59787,47133,50114,50114
994,45913,60082,47300,50312,50312
995,45679,59716,47065,50041,50041
996,45909,60007,47371,50407,50407
997,45891,59916,47295,50317,50317
998,45753,59826,47174,50126,50126
999,45703,60017,47108,50115,50115
